{
  "failure_log": [
    {
      "type": "pathfinding_failure",
      "timestamp": "2025-08-12T20:07:47.007906",
      "start": {
        "x": 137.87646484375,
        "y": 67.89306640625
      },
      "goal": {
        "x": 134.84,
        "y": 69.69
      },
      "context": {
        "current_waypoint_index": 0,
        "start_position": {
          "x": 137.87646484375,
          "y": 67.89306640625
        },
        "goal_position": {
          "x": 134.84,
          "y": 69.69
        },
        "path_history": [
          [
            141.519775390625,
            43.455322265625
          ],
          [
            141.267822265625,
            44.838134765625
          ],
          [
            141.014892578125,
            46.220947265625
          ],
          [
            140.760986328125,
            47.603759765625
          ],
          [
            140.74169921875,
            48.998779296875
          ],
          [
            141.15673828125,
            50.341552734375
          ],
          [
            141.56884765625,
            51.685302734375
          ],
          [
            141.98095703125,
            53.029052734375
          ],
          [
            142.15576171875,
            54.38232421875
          ],
          [
            141.58642578125,
            55.66650390625
          ],
          [
            141.00048828125,
            56.94384765625
          ],
          [
            140.92236328125,
            58.34423828125
          ],
          [
            140.84912109375,
            59.74560546875
          ],
          [
            141.21630859375,
            61.10302734375
          ],
          [
            141.43701171875,
            62.49169921875
          ],
          [
            141.44775390625,
            63.88134765625
          ],
          [
            141.04052734375,
            65.19873046875
          ],
          [
            140.14208984375,
            66.23291015625
          ],
          [
            139.00927734375,
            67.06298828125
          ],
          [
            137.87646484375,
            67.89306640625
          ]
        ],
        "enemy_units": [
          {
            "type": "UnitTypeId.MARINE",
            "position": {
              "x": 136.05859375,
              "y": 62.878662109375
            },
            "distance": 5.333751565831529
          }
        ],
        "game_time": 10.0,
        "loop": 224,
        "risk_threshold": 0.9,
        "max_risk_value": 83.15885925292969
      }
    },
    {
      "type": "pathfinding_failure",
      "timestamp": "2025-08-12T20:07:47.185752",
      "start": {
        "x": 137.27197265625,
        "y": 68.25048828125
      },
      "goal": {
        "x": 134.84,
        "y": 69.69
      },
      "context": {
        "current_waypoint_index": 0,
        "start_position": {
          "x": 137.27197265625,
          "y": 68.25048828125
        },
        "goal_position": {
          "x": 134.84,
          "y": 69.69
        },
        "path_history": [
          [
            141.519775390625,
            43.455322265625
          ],
          [
            141.267822265625,
            44.838134765625
          ],
          [
            141.014892578125,
            46.220947265625
          ],
          [
            140.760986328125,
            47.603759765625
          ],
          [
            140.74169921875,
            48.998779296875
          ],
          [
            141.15673828125,
            50.341552734375
          ],
          [
            141.56884765625,
            51.685302734375
          ],
          [
            141.98095703125,
            53.029052734375
          ],
          [
            142.15576171875,
            54.38232421875
          ],
          [
            141.58642578125,
            55.66650390625
          ],
          [
            141.00048828125,
            56.94384765625
          ],
          [
            140.92236328125,
            58.34423828125
          ],
          [
            140.84912109375,
            59.74560546875
          ],
          [
            141.21630859375,
            61.10302734375
          ],
          [
            141.43701171875,
            62.49169921875
          ],
          [
            141.44775390625,
            63.88134765625
          ],
          [
            141.04052734375,
            65.19873046875
          ],
          [
            140.14208984375,
            66.23291015625
          ],
          [
            139.00927734375,
            67.06298828125
          ],
          [
            137.87646484375,
            67.89306640625
          ]
        ],
        "enemy_units": [
          {
            "type": "UnitTypeId.MARINE",
            "position": {
              "x": 136.05859375,
              "y": 62.878662109375
            },
            "distance": 5.507159412162832
          }
        ],
        "game_time": 10.178571428571429,
        "loop": 228,
        "risk_threshold": 0.9,
        "max_risk_value": 83.62727355957031
      }
    },
    {
      "type": "pathfinding_failure",
      "timestamp": "2025-08-12T20:07:47.359639",
      "start": {
        "x": 136.66748046875,
        "y": 68.60791015625
      },
      "goal": {
        "x": 134.84,
        "y": 69.69
      },
      "context": {
        "current_waypoint_index": 0,
        "start_position": {
          "x": 136.66748046875,
          "y": 68.60791015625
        },
        "goal_position": {
          "x": 134.84,
          "y": 69.69
        },
        "path_history": [
          [
            141.267822265625,
            44.838134765625
          ],
          [
            141.014892578125,
            46.220947265625
          ],
          [
            140.760986328125,
            47.603759765625
          ],
          [
            140.74169921875,
            48.998779296875
          ],
          [
            141.15673828125,
            50.341552734375
          ],
          [
            141.56884765625,
            51.685302734375
          ],
          [
            141.98095703125,
            53.029052734375
          ],
          [
            142.15576171875,
            54.38232421875
          ],
          [
            141.58642578125,
            55.66650390625
          ],
          [
            141.00048828125,
            56.94384765625
          ],
          [
            140.92236328125,
            58.34423828125
          ],
          [
            140.84912109375,
            59.74560546875
          ],
          [
            141.21630859375,
            61.10302734375
          ],
          [
            141.43701171875,
            62.49169921875
          ],
          [
            141.44775390625,
            63.88134765625
          ],
          [
            141.04052734375,
            65.19873046875
          ],
          [
            140.14208984375,
            66.23291015625
          ],
          [
            139.00927734375,
            67.06298828125
          ],
          [
            137.87646484375,
            67.89306640625
          ],
          [
            136.66748046875,
            68.60791015625
          ]
        ],
        "enemy_units": [
          {
            "type": "UnitTypeId.MARINE",
            "position": {
              "x": 136.05859375,
              "y": 62.878662109375
            },
            "distance": 5.761512494032374
          }
        ],
        "game_time": 10.357142857142858,
        "loop": 232,
        "risk_threshold": 0.9,
        "max_risk_value": 84.09099578857422
      }
    },
    {
      "type": "pathfinding_failure",
      "timestamp": "2025-08-12T20:07:47.531861",
      "start": {
        "x": 136.06298828125,
        "y": 68.96533203125
      },
      "goal": {
        "x": 134.84,
        "y": 69.69
      },
      "context": {
        "current_waypoint_index": 0,