{
  "failure_log": [
    {
      "type": "pathfinding_failure",
      "timestamp": "2025-08-11T16:39:39.450946",
      "start": {
        "x": 135.70263671875,
        "y": 68.84033203125
      },
      "goal": {
        "x": 134.84,
        "y": 69.69
      },
      "context": {
        "current_waypoint_index": 0,
        "start_position": {
          "x": 135.70263671875,
          "y": 68.84033203125
        },
        "goal_position": {
          "x": 134.84,
          "y": 69.69
        },
        "path_history": [
          [
            141.356689453125,
            43.41748046875
          ],
          [
            141.153564453125,
            44.80810546875
          ],
          [
            140.950439453125,
            46.19873046875
          ],
          [
            140.748291015625,
            47.58935546875
          ],
          [
            140.740966796875,
            48.99560546875
          ],
          [
            141.160888671875,
            50.33544921875
          ],
          [
            141.515380859375,
            51.69287109375
          ],
          [
            141.79150390625,
            53.00927734375
          ],
          [
            142.236572265625,
            54.249267578125
          ],
          [
            141.67822265625,
            55.5380859375
          ],
          [
            141.18017578125,
            56.84765625
          ],
          [
            140.77197265625,
            58.19140625
          ],
          [
            140.36376953125,
            59.53515625
          ],
          [
            139.95458984375,
            60.87890625
          ],
          [
            139.54443359375,
            62.22265625
          ],
          [
            138.96630859375,
            63.477783203125
          ],
          [
            138.2490234375,
            64.63623046875
          ],
          [
            137.5224609375,
            65.83740234375
          ],
          [
            136.79541015625,
            67.03857421875
          ],
          [
            136.06689453125,
            68.23974609375
          ]
        ],
        "enemy_units": [
          