{
  "failure_log": [
    {
      "type": "pathfinding_failure",
      "timestamp": "2025-08-08T19:11:33.385143",
      "start": {
        "x": 135.983154296875,
        "y": 69.174072265625
      },
      "goal": {
        "x": 134.84,
        "y": 69.69
      },
      "context": {
        "current_waypoint_index": 0,
        "start_position": {
          "x": 135.983154296875,
          "y": 69.174072265625
        },
        "goal_position": {
          "x": 134.84,
          "y": 69.69
        },
        "path_history": [
          [
            141.153564453125,
            44.80810546875
          ],
          [
            140.950439453125,
            46.19873046875
          ],
          [
            140.748291015625,
            47.58935546875
          ],
          [
            140.740966796875,
            48.99560546875
          ],
          [
            141.160888671875,
            50.33544921875
          ],
          [
            141.515380859375,
            51.69287109375
          ],
          [
            141.79150390625,
            53.00927734375
          ],
          [
            142.236572265625,
            54.249267578125
          ],
          [
            141.67822265625,
            55.5380859375
          ],
          [
            141.45751953125,
            56.8740234375
          ],
          [
            141.60400390625,
            58.2705078125
          ],
          [
            141.75048828125,
            59.6669921875
          ],
          [
            141.892333984375,
            61.0048828125
          ],
          [
            141.49267578125,
            62.308837890625
          ],
          [
            141.242431640625,
            63.681884765625
          ],
          [
            140.58349609375,
            64.9111328125
          ],
          [
            139.741943359375,
            66.022216796875
          ],
          [
            138.666015625,
            66.924560546875
          ],
          [
            137.58984375,
            67.826904296875
          ],
          [
            136.513671875,
            68.729248046875
          ]
        ],
        "enemy_units": [
          