{
  "failure_log": [
    {
      "type": "pathfinding_failure",
      "timestamp": "2025-08-12T20:04:28.784525",
      "start": {
        "x": 137.37744140625,
        "y": 68.208740234375
      },
      "goal": {
        "x": 134.84,
        "y": 69.69
      },
      "context": {
        "current_waypoint_index": 0,
        "start_position": {
          "x": 137.37744140625,
          "y": 68.208740234375
        },
        "goal_position": {
          "x": 134.84,
          "y": 69.69
        },
        "path_history": [
          [
            141.519775390625,
            43.455322265625
          ],
          [
            141.267822265625,
            44.838134765625
          ],
          [
            141.014892578125,
            46.220947265625
          ],
          [
            140.760986328125,
            47.603759765625
          ],
          [
            140.74169921875,
            48.998779296875
          ],
          [
            141.15673828125,
            50.341552734375
          ],
          [
            141.56884765625,
            51.685302734375
          ],
          [
            141.98095703125,
            53.029052734375
          ],
          [
            142.15576171875,
            54.38232421875
          ],
          [
            141.58642578125,
            55.66650390625
          ],
          [
            141.00048828125,
            56.94384765625
          ],
          [
            140.46728515625,
            58.24267578125
          ],
          [
            140.27294921875,
            59.631591796875
          ],
          [
            140.83642578125,
            60.903076171875
          ],
          [
            141.21923828125,
            62.254638671875
          ],
          [
            141.30029296875,
            63.642333984375
          ],
          [
            140.89990234375,
            64.988037109375
          ],
          [
            140.18505859375,
            66.096435546875
          ],
          [
            139.06201171875,
            66.942138671875
          ],
          [
            137.93896484375,
            67.786865234375
          ]
        ],
        "enemy_units": [
          {
            "type": "UnitTypeId.MARINE",
            "position": {
              "x": 136.05859375,
              "y": 62.878662109375
            },
            "distance": 5.490818878728348
          }
        ],
        "game_time": 10.178571428571429,
        "loop": 228,
        "risk_threshold": 0.9,
        "max_risk_value": 83.51033782958984
      }
    },
    {
      "type": "pathfinding_failure",
      "timestamp": "2025-08-12T20:04:28.970378",
      "start": {
        "x": 136.77099609375,
        "y": 68.562255859375
      },
      "goal": {
        "x": 134.84,
        "y": 69.69
      },
      "context": {
        "current_waypoint_index": 0,
        "start_position": {
          "x": 136.77099609375,
          "y": 68.562255859375
        },
        "goal_position": {
          "x": 134.84,
          "y": 69.69
        },
        "path_history": [
          [
            141.267822265625,
            44.838134765625
          ],
          [
            141.014892578125,
            46.220947265625
          ],
          [
            140.760986328125,
            47.603759765625
          ],
          [
            140.74169921875,
            48.998779296875
          ],
          [
            141.15673828125,
            50.341552734375
          ],
          [
            141.56884765625,
            51.685302734375
          ],
          [
            141.98095703125,
            53.029052734375
          ],
          [
            142.15576171875,
            54.38232421875
          ],
          [
            141.58642578125,
            55.66650390625
          ],
          [
            141.00048828125,
            56.94384765625
          ],
          [
            140.46728515625,
            58.24267578125
          ],
          [
            140.27294921875,
            59.631591796875
          ],
          [
            140.83642578125,
            60.903076171875
          ],
          [
            141.21923828125,
            62.254638671875
          ],
          [
            141.30029296875,
            63.642333984375
          ],
          [
            140.89990234375,
            64.988037109375
          ],
          [
            140.18505859375,
            66.096435546875
          ],
          [
            139.06201171875,
            66.942138671875
          ],
          [
            137.93896484375,
            67.786865234375
          ],
          [
            136.77099609375,
            68.562255859375
          ]
        ],
        "enemy_units": [
          {
            "type": "UnitTypeId.MARINE",
            "position": {
              "x": 136.05859375,
              "y": 62.878662109375
            },
            "distance": 5.728067301840959
          }
        ],
        "game_time": 10.357142857142858,
        "loop": 232,
        "risk_threshold": 0.9,
        "max_risk_value": 83.9702377319336
      }
    },
    {
      "type": "pathfinding_failure",
      "timestamp": "2025-08-12T20:04:29.159737",
      "start": {
        "x": 136.16455078125,
        "y": 68.915771484375
      },
      "goal": {
        "x": 134.84,
        "y": 69.69
      },
      "context": {
        "current_waypoint_index": 0,
        "start_position": {
          "x": 136.16455078125,
          "y": 68.915771484375
        },
        "goal_position": {
          "x": 134.84,
          "y": 69.69
        },
        "path_history": [
          [
            141.267822265625,
            44.838134765625
          ],
          [
            141.014892578125,
            46.220947265625
          ],
          [
            140.760986328125,
            47.603759765625
          ],
          [
            140.74169921875,
            48.998779296875
          ],
          [
            141.15673828125,
            50.341552734375
          ],
          [
            141.56884765625,
            51.685302734375
          ],
          [
            141.98095703125,
            53.029052734375
          ],
          [
            142.15576171875,
            54.38232421875
          ],
          [
            141.58642578125,
            55.66650390625
          ],
          [
            141.00048828125,
            56.94384765625
          ],
          [
            140.46728515625,
            58.24267578125
          ],
          [
            140.27294921875,
            59.631591796875
          ],
          [
            140.83642578125,
            60.903076171875
          ],
          [
            141.21923828125,
            62.254638671875
          ],
          [
            141.30029296875,
            63.642333984375
          ],
          [
            140.89990234375,
            64.988037109375
          ],
          [
            140.18505859375,
            66.096435546875
          ],
          [
            139.06201171875,
            66.942138671875
          ],
          [
            137.93896484375,
            67.786865234375
          ],
          [
            136.77099609375,
            68.562255859375
          ]
        ],
        "enemy_units": [
          {
            "type": "UnitTypeId.MARINE",
            "position": {
              "x": 136.05859375,
              "y": 62.878662109375
            },
            "distance": 6.0380391269172975
          }
        ],
        "game_time": 10.535714285714286,
        "loop": 236,
        "risk_threshold": 0.9,
        "max_risk_value": 84.425537109375
      }
    },
    {
      "type": "pathfinding_failure",
      "timestamp": "2025-08-12T20:04:29.343127",
      "start": {
        "x": 135.60986328125,
        "y": 69.239501953125
      },
      "goal": {
        "x": 134.84,
        "y": 69.69
      },
      "context": {
        "current_waypoint_index": 0,