{
  "failure_log": [
    {
      "type": "pathfinding_failure",
      "timestamp": "2025-08-12T18:09:24.036321",
      "start": {
        "x": 136.449951171875,
        "y": 71.01318359375
      },
      "goal": {
        "x": 134.84,
        "y": 69.69
      },
      "context": {
        "current_waypoint_index": 0,
        "start_position": {
          "x": 136.449951171875,
          "y": 71.01318359375
        },
        "goal_position": {
          "x": 134.84,
          "y": 69.69
        },
        "path_history": [
          [
            141.515380859375,
            51.69287109375
          ],
          [
            141.79150390625,
            53.00927734375
          ],
          [
            142.2666015625,
            54.252685546875
          ],
          [
            141.89794921875,
            55.6083984375
          ],
          [
            141.52099609375,
            56.9619140625
          ],
          [
            141.27099609375,
            58.3330078125
          ],
          [
            142.0224609375,
            59.37353515625
          ],
          [
            142.943359375,
            60.399169921875
          ],
          [
            143.813232421875,
            61.047119140625
          ],
          [
            144.33251953125,
            62.341796875
          ],
          [
            144.719482421875,
            63.633544921875
          ],
          [
            144.320068359375,
            64.94873046875
          ],
          [
            143.893798828125,
            66.256591796875
          ],
          [
            143.160400390625,
            67.436767578125
          ],
          [
            142.129638671875,
            68.323974609375
          ],
          [
            140.891357421875,
            68.986083984375
          ],
          [
            139.848388671875,
            69.877685546875
          ],
          [
            139.053466796875,
            70.83544921875
          ],
          [
            137.701904296875,
            71.22216796875
          ],
          [
            136.449951171875,
            71.01318359375
          ]
        ],
        "enemy_units": [
          {
            "type": "UnitTypeId.MARINE",
            "position": {
              "x": 136.05859375,
              "y": 62.878662109375
            },
            "distance": 8.143930280363106
          }
        ],
        "game_time": 12.142857142857144,
        "loop": 272,
        "risk_threshold": 0.5,
        "max_risk_value": 58.15059280395508
      }
    },
    {
      "type": "pathfinding_failure",
      "timestamp": "2025-08-12T18:09:24.219510",
      "start": {
        "x": 135.91455078125,
        "y": 70.5732421875
      },
      "goal": {
        "x": 134.84,
        "y": 69.69
      },
      "context": {
        "current_waypoint_index": 0,
        "start_position": {
          "x": 135.91455078125,
          "y": 70.5732421875
        },
        "goal_position": {
          "x": 134.84,
          "y": 69.69
        },
        "path_history": [
          [
            141.515380859375,
            51.69287109375
          ],
          [
            141.79150390625,
            53.00927734375
          ],
          [
            142.2666015625,
            54.252685546875
          ],
          [
            141.89794921875,
            55.6083984375
          ],
          [
            141.52099609375,
            56.9619140625
          ],
          [
            141.27099609375,
            58.3330078125
          ],
          [
            142.0224609375,
            59.37353515625
          ],
          [
            142.943359375,
            60.399169921875
          ],
          [
            143.813232421875,
            61.047119140625
          ],
          [
            144.33251953125,
            62.341796875
          ],
          [
            144.719482421875,
            63.633544921875
          ],
          [
            144.320068359375,
            64.94873046875
          ],
          [
            143.893798828125,
            66.256591796875
          ],
          [
            143.160400390625,
            67.436767578125
          ],
          [
            142.129638671875,
            68.323974609375
          ],
          [
            140.891357421875,
            68.986083984375
          ],
          [
            139.848388671875,
            69.877685546875
          ],
          [
            139.053466796875,
            70.83544921875
          ],
          [
            137.701904296875,
            71.22216796875
          ],
          [
            136.449951171875,
            71.01318359375
          ]
        ],
        "enemy_units": [
          {
            "type": "UnitTypeId.MARINE",
            "position": {
              "x": 136.05859375,
              "y": 62.878662109375
            },
            "distance": 7.695928206235064
          }
        ],
        "game_time": 12.321428571428573,
        "loop": 276,
        "risk_threshold": 0.5,
        "max_risk_value": 58.36808776855469
      }
    },
    {
      "type": "pathfinding_failure",
      "timestamp": "2025-08-12T18:09:24.396369",
      "start": {
        "x": 135.46337890625,
        "y": 70.202880859375
      },
      "goal": {
        "x": 134.84,
        "y": 69.69
      },
      "context": {
        "current_waypoint_index": 0,
        "start_position": {
          "x": 135.46337890625,
          "y": 70.202880859375
        },
        "goal_position": {
          "x": 134.84,
          "y": 69.69
        },
        "path_history": [
          [
            141.79150390625,
            53.00927734375
          ],
          [
            142.2666015625,
            54.252685546875
          ],
          [
            141.89794921875,
            55.6083984375
          ],
          [
            141.52099609375,
            56.9619140625
          ],
          [
            141.27099609375,
            58.3330078125
          ],
          [
            142.0224609375,
            59.37353515625
          ],
          [
            142.943359375,
            60.399169921875
          ],
          [
            143.813232421875,
            61.047119140625
          ],
          [
            144.33251953125,
            62.341796875
          ],
          [
            144.719482421875,
            63.633544921875
          ],
          [
            144.320068359375,
            64.94873046875
          ],
          [
            143.893798828125,
            66.256591796875
          ],
          [
            143.160400390625,
            67.436767578125
          ],
          [
            142.129638671875,
            68.323974609375
          ],
          [
            140.891357421875,
            68.986083984375
          ],
          [
            139.848388671875,
            69.877685546875
          ],
          [
            139.053466796875,
            70.83544921875
          ],
          [
            137.701904296875,
            71.22216796875
          ],
          [
            136.449951171875,
            71.01318359375
          ],
          [
            135.46337890625,
            70.202880859375
          ]
        ],
        "enemy_units": [
          {
            "type": "UnitTypeId.MARINE",
            "position": {
              "x": 136.05859375,
              "y": 62.878662109375
            },
            "distance": 7.348364512466151
          }
        ],
        "game_time": 12.5,
        "loop": 280,
        "risk_threshold": 0.5,
        "max_risk_value": 58.58340835571289
      }
    },
    {
      "type": "pathfinding_failure",
      "timestamp": "2025-08-12T18:09:24.585332",
      "start": {
        "x": 135.088623046875,
        "y": 69.895263671875
      },
      "goal": {
        "x": 134.84,
        "y": 69.69
      },
      "context": {
        "current_waypoint_index": 0,